Product Name,Image File,Category
Abukass,Abukass.jpg,Foods and Beverages
Al Walimah,Al Walimah.jpg,Foods and Beverages
Shahlan,Shahlan.jpg,Foods and Beverages
Sunwhite,Sunwhite.jpg,Foods and Beverages
Abu Bind,Abu Bind.jpg,Foods and Beverages
India Gate,India Gate.jpg,Foods and Beverages
Punjabi,Punjabi.jpg,Foods and Beverages
Afia,Afia.jpg,Foods and Beverages
Al Arabi,Al Arabi.jpg,Foods and Beverages
Shams,Shams.jpg,Foods and Beverages
Nakhlatain,Nakhlatain.jpg,Foods and Beverages
Noor,Noor.jpg,Foods and Beverages
Al Wazeer,Al Wazeer.jpg,Foods and Beverages
Aljouf,Aljouf.jpg,Foods and Beverages
Dalal,Dalal.jpg,Foods and Beverages
Farm Ghee,Farm Ghee.jpg,Foods and Beverages
Kitkat,Kitkat.jpg,Foods and Beverages
Galaxy,Galaxy.jpg,Foods and Beverages
Pringles,Pringles.jpg,Foods and Beverages
Oreo,Oreo.jpg,Foods and Beverages
Belvitta,Belvitta.jpeg,Foods and Beverages
Kinder Joy,Kinder Joy.jpg,Foods and Beverages
Betty Crocker,Betty Crocker.jpg,Foods and Beverages
Cadbury,Cadbury.jpg,Foods and Beverages
Nido,Nido.jpg,Foods and Beverages
Anchor,Anchor.jpg,Foods and Beverages
Luna,Luna.jpg,Foods and Beverages
Rainbow,Rainbow.jpg,Foods and Beverages
Nestle Milk,Nestle.jpg,Foods and Beverages
Saudia Milk,Saudia Milk.jpg,Foods and Beverages
Quaker Oats,Quaker Oats.jpg,Foods and Beverages
Golden Crown Cream,Golden Crown Cream.jpg,Foods and Beverages
Hala Cream,Hala Cream.jpg,Foods and Beverages
Jubna Kiri,Jubna Kiri.jpg,Foods and Beverages
Kistha Puck,Kistha Puck.png,Foods and Beverages
Kraft Cheese,Kraft Cheese.jpg,Foods and Beverages
Lipton,Lipton.jpg,Foods and Beverages
Rabea,Rabea.png,Foods and Beverages
Al-Kbous,Al-Kbous.jpg,Foods and Beverages
Hi-Tea,Hi-Tea.jpg,Foods and Beverages
Abu Jabal,Abu Jabal.jpg,Foods and Beverages
Nescafe,Nescafe.jpg,Foods and Beverages
Aloha,Aloha.jpg,Foods and Beverages
Goody,Goody.jpg,Foods and Beverages
Treva,Treva.jpg,Foods and Beverages
Botan,Botan.jpg,Foods and Beverages
Geisha,Geisha.jpg,Foods and Beverages
Pepsi,Pepsi.jpg,Foods and Beverages
7UP,7UP.jpg,Foods and Beverages
Dew,Dew.jpg,Foods and Beverages
Mirinda,Mirinda.jpg,Foods and Beverages
Suntop,Suntop.jpg,Foods and Beverages
Sunquick,Sunquick.jpg,Foods and Beverages
Vimto,Vimto.jpg,Foods and Beverages
Rani,Rani.jpg,Foods and Beverages
Tang,Tang.jpg,Foods and Beverages